,Country,Date,Cloudiness,Humidity,Latitude,Longitude,Max Temp (F),Wind Speed (mph)
0,US,1561659510,1,29,39.31,-74.98,93.0,11.41
1,RU,1561659510,0,57,70.62,147.9,45.85,11.14
2,EC,1561659494,20,69,-0.74,-90.35,78.8,20.8
3,CA,1561659554,75,86,69.44,-133.03,41.0,3.36
4,CN,1561659570,100,49,39.63,118.17,76.99,6.13
5,BR,1561659570,47,60,-2.92,-39.92,87.25,10.2
6,NA,1561659570,0,69,-18.06,13.84,55.21,4.03
7,PF,1561659506,90,82,-23.12,-134.97,74.65,19.17
8,AU,1561659523,33,84,-23.58,149.07,58.09,18.1
9,CA,1561659571,75,62,60.82,-115.79,51.8,5.82
10,KZ,1561659571,0,83,49.68,83.3,58.99,3.13
11,TZ,1561659572,75,77,-3.37,36.69,69.8,7.94
12,US,1561659512,1,31,43.97,-111.68,73.99,12.75
13,CA,1561659299,75,53,49.72,-86.95,71.6,8.05
14,SA,1561659507,98,33,21.43,39.83,92.29,8.05
15,AU,1561659514,48,98,-33.64,115.35,44.01,26.19
16,DZ,1561659559,0,4,27.87,-0.29,114.8,8.05
17,BR,1561659521,64,80,-5.2,-35.46,80.59,24.07
18,VG,1561659335,40,66,18.42,-64.62,87.8,10.29
19,US,1561659499,90,83,19.71,-155.08,80.01,8.05
20,AR,1561659310,40,74,-54.81,-68.31,30.2,24.16
21,CL,1561659217,75,86,-42.48,-73.76,41.0,10.29
22,CA,1561659573,90,93,50.7,-127.42,53.6,8.05
23,CL,1561659293,20,58,-53.16,-70.91,32.0,16.11
24,US,1561659493,20,69,20.89,-156.47,80.6,4.7
25,SB,1561659561,100,86,-10.46,161.92,78.61,11.9
26,CN,1561659574,100,99,46.32,132.2,57.91,6.24
27,RU,1561659307,100,94,64.42,-173.23,47.29,4.18
28,CL,1561659574,20,67,-29.95,-71.34,57.2,9.17
29,NZ,1561659492,91,94,-46.19,168.86,40.09,5.17
30,US,1561659492,0,54,37.17,-99.65,91.0,15.99
31,MR,1561659518,0,57,20.93,-17.03,77.0,21.92
32,ZA,1561659513,0,50,-33.59,26.89,62.01,5.99
33,MX,1561659417,40,43,22.89,-109.91,96.01,11.41
34,RU,1561659575,40,70,69.2,33.45,48.2,4.47
35,ZA,1561659497,12,55,-34.42,19.24,60.01,8.99
36,CA,1561659489,1,57,45.36,-73.48,84.99,19.46
37,AR,1561659315,14,45,-42.77,-65.04,52.87,10.36
38,IN,1561659519,100,79,11.67,92.75,83.83,23.29
39,GL,1561659576,93,96,60.14,-45.24,39.37,6.98
40,KZ,1561659576,72,19,43.35,52.85,80.59,15.95
41,CO,1561659122,20,31,1.17,-76.88,78.8,13.87
42,CA,1561659576,1,38,49.79,-92.84,75.2,9.17
43,ZA,1561659495,0,67,-33.02,27.91,62.6,5.82
44,GF,1561659577,40,74,4.94,-52.33,86.0,6.93
45,ID,1561659577,30,83,-5.67,132.75,78.07,18.12
46,AU,1561659276,40,93,-33.86,121.89,48.2,14.99
47,CA,1561659577,90,82,50.03,-66.88,59.0,16.11
48,US,1561659494,1,83,22.08,-159.32,80.6,12.75
49,GR,1561659578,20,28,39.42,22.43,86.0,3.29
50,ZA,1561659507,0,21,-34.0,24.73,57.55,7.72
51,CA,1561659461,75,68,54.13,-108.44,66.2,5.82
52,US,1561659507,40,17,40.04,-111.73,82.99,12.75
53,CK,1561659492,97,78,-21.21,-159.78,71.6,6.93
54,US,1561659532,2,43,39.1,-76.85,93.99,4.7
55,AR,1561659579,20,58,-51.62,-69.22,32.0,17.22
56,AR,1561659244,86,38,-46.43,-67.52,35.95,13.27
57,CA,1561659527,75,45,55.74,-97.86,64.4,5.82
58,JP,1561659580,75,88,35.03,136.69,75.99,4.7
59,QA,1561659477,0,63,25.29,51.53,98.6,4.7
60,AR,1561659552,100,47,-38.31,-60.23,53.77,18.03
61,PF,1561659580,75,74,-17.73,-149.15,78.8,10.29
62,NG,1561659581,0,38,12.59,6.58,91.75,3.15
63,ZA,1561659524,0,22,-30.97,22.13,55.57,20.33
64,CA,1561659581,40,44,65.28,-126.83,60.8,10.29
65,AU,1561659582,72,62,-20.73,139.49,57.2,5.82
66,GL,1561659527,90,93,65.61,-37.64,44.6,4.7
67,BR,1561659493,15,45,-20.63,-46.0,76.81,7.9
68,AR,1561659582,0,59,-29.14,-59.64,63.31,10.94
69,GY,1561659582,42,85,8.2,-59.78,82.21,4.88
70,AU,1561659310,0,68,-33.21,138.6,55.93,12.73
71,BG,1561659583,20,69,41.53,24.68,86.0,5.82
72,NA,1561659301,0,81,-26.65,15.16,53.6,4.7
73,NO,1561659508,75,90,78.22,15.63,39.2,13.87
74,US,1561659583,75,59,30.04,-94.42,93.0,4.32
75,ML,1561659583,67,47,11.42,-7.49,91.57,7.81
76,CN,1561659584,100,83,47.51,122.88,55.39,12.5
77,NA,1561659502,0,82,-22.12,14.28,57.99,1.01
78,RU,1561659301,99,48,68.75,161.3,51.61,10.98
79,BR,1561659584,34,54,-3.15,-58.36,89.23,5.73
80,NO,1561659584,41,93,61.57,11.04,55.99,5.75
81,US,1561659585,20,59,40.6,-124.16,66.99,6.93
82,ET,1561659529,74,85,8.96,38.73,59.17,4.07
83,RU,1561659585,90,77,59.7,30.79,63.0,6.71
84,US,1561659467,40,35,42.65,-73.75,86.0,12.75
85,RU,1561659586,1,69,62.22,135.8,55.03,2.46
86,ID,1561659586,21,96,-7.61,109.46,67.81,1.05
87,CN,1561659586,0,79,23.11,113.84,87.01,6.71
88,PF,1561659586,75,74,-17.57,-149.87,78.8,10.29
89,TL,1561659587,19,79,-8.93,125.41,64.39,6.29
90,RU,1561659587,100,96,63.93,31.65,51.43,4.9
91,US,1561659587,75,93,41.28,-70.1,81.0,8.05
92,JP,1561659588,100,86,43.32,145.57,48.37,7.34
93,VU,1561659531,90,94,-19.55,169.27,73.4,4.74
94,TC,1561659398,100,77,21.46,-71.14,82.75,17.45
95,CM,1561659588,86,65,10.11,14.45,78.61,1.9
96,NC,1561659588,100,88,-21.35,165.16,70.51,22.03
97,PF,1561659306,15,74,-9.8,-139.03,80.77,17.38
98,RU,1561659589,100,99,53.87,39.17,64.0,1.99
99,NG,1561659589,37,91,7.44,8.9,76.63,7.36
100,ZA,1561659229,75,71,-33.93,18.42,60.01,27.51
101,RU,1561659236,100,40,71.98,102.47,58.45,14.47
102,GB,1561659293,0,56,53.41,-2.98,77.0,11.41
103,AU,1561659488,0,62,-42.88,147.33,57.0,9.17
104,PH,1561659590,96,84,8.0,124.29,77.0,7.0
105,JP,1561659590,100,98,33.72,135.99,66.91,2.86
106,CA,1561659590,20,71,63.75,-68.52,51.8,6.93
107,CA,1561659491,75,67,60.72,-135.06,64.99,5.82
108,NG,1561659590,96,90,9.67,8.4,72.67,3.18
109,US,1561659591,1,12,39.95,-105.17,91.0,4.7
110,PG,1561659591,100,74,-2.57,150.8,84.55,17.72
111,SA,1561659591,0,15,26.33,43.97,100.4,5.82
112,KZ,1561659592,0,35,44.86,78.76,66.91,5.75
113,AU,1561659592,0,76,-15.77,128.74,55.4,6.44
114,BR,1561659593,50,81,-9.37,-37.25,76.45,13.2
115,AU,1561659528,0,62,-42.78,147.06,57.0,9.17
116,CA,1561659593,100,61,49.91,-109.46,71.77,14.65
117,PF,1561659548,28,76,-16.48,-151.75,78.61,4.65
118,MU,1561659513,75,73,-20.41,57.7,73.4,11.41
119,SO,1561659594,4,79,2.04,45.34,75.73,12.3
120,KR,1561658953,40,94,37.57,126.98,77.0,1.12
121,SA,1561659428,0,59,25.02,37.27,87.97,14.85
122,MX,1561659594,0,35,24.63,-101.42,72.67,13.62
123,BR,1561659595,2,43,-7.71,-67.0,92.29,3.56
124,MX,1561659595,75,17,26.81,-109.62,102.0,5.82
125,NU,1561659501,2,88,-19.06,-169.92,71.6,10.29
126,GH,1561659528,100,86,4.89,-1.75,76.09,6.35
127,CA,1561659558,40,46,68.22,-135.01,53.6,2.24
128,FO,1561659596,100,100,62.23,-6.59,51.8,12.75
129,MR,1561659596,0,7,20.52,-13.05,111.19,11.61
130,BR,1561659597,21,73,-1.8,-53.48,85.45,5.1
131,AU,1561659597,3,100,-34.58,150.85,54.0,6.93
132,ID,1561659597,100,79,0.7,108.9,84.01,18.52
133,CL,1561659517,0,63,-20.22,-70.14,64.4,8.05
134,AR,1561659598,0,47,-39.03,-67.58,59.0,5.82
135,FR,1561659493,0,49,43.31,6.64,96.01,2.24
136,ZA,1561659498,17,62,-34.53,20.04,60.01,6.93
137,BR,1561659501,20,62,-3.71,-38.6,84.2,20.8
138,RU,1561659598,75,87,56.07,37.56,59.0,15.66
139,RU,1561659599,100,94,66.32,-179.17,44.41,4.54
140,RU,1561659599,75,87,55.61,37.97,59.0,13.42
141,AU,1561659505,0,62,-43.03,147.26,57.0,9.17
142,CF,1561659600,25,83,4.15,15.03,72.31,2.06
143,BR,1561659600,28,79,-0.61,-47.36,82.39,17.96
144,BR,1561659600,35,83,-4.09,-63.14,83.11,3.94
145,MZ,1561659601,20,60,-16.16,33.59,68.0,5.82
146,AU,1561659601,3,94,-35.71,150.18,46.99,3.8
147,BO,1561659601,40,60,-21.99,-63.81,68.0,4.03
148,BR,1561659602,92,47,-5.12,-60.38,91.03,3.76
149,PE,1561659602,37,85,-10.07,-78.15,63.49,10.69
150,BR,1561659602,0,40,-21.64,-41.05,87.8,3.36
151,RU,1561659603,82,74,66.77,123.37,61.87,12.46
152,NZ,1561659603,94,75,-46.28,169.85,41.0,4.0
153,US,1561659603,75,88,21.44,-157.84,82.4,5.82
154,EG,1561659604,0,10,26.56,31.74,104.0,13.87
155,JP,1561659604,86,100,31.65,131.31,73.0,4.0
156,PT,1561659237,54,39,41.42,-6.55,81.85,9.82
157,BR,1561659495,20,78,-22.97,-42.02,80.6,9.17
158,GR,1561659482,20,35,37.98,23.73,87.01,8.05
159,RU,1561659604,61,85,52.42,136.49,46.21,2.93
160,ID,1561659500,80,82,-8.49,140.4,78.97,20.4
161,BN,1561659605,75,83,5.28,115.24,80.6,3.36
162,MV,1561659228,100,71,-0.6,73.08,84.19,7.36
163,AU,1561659605,1,100,-35.36,150.48,48.0,6.93
164,US,1561659554,40,63,60.79,-161.76,62.6,11.41
165,NO,1561659606,40,61,71.03,27.85,46.4,17.22
166,IN,1561659494,98,90,15.34,74.49,78.43,6.02
167,JP,1561659545,75,88,35.73,140.83,77.0,12.75
168,RU,1561659606,100,97,62.18,30.69,52.33,4.92
169,MG,1561659606,1,98,-19.9,48.8,65.65,2.82
170,SE,1561659607,0,63,57.64,18.3,68.0,5.82
171,RU,1561659607,1,30,47.32,47.38,78.79,5.53
172,GH,1561659607,58,84,5.79,0.9,76.99,11.77
173,RU,1561659608,100,88,51.15,37.89,64.75,10.25
174,PK,1561659608,100,74,35.92,74.31,40.81,4.56
175,CA,1561659608,75,52,51.26,-80.61,69.8,14.99
176,IR,1561659608,0,18,29.61,52.54,87.8,4.7
177,CA,1561659606,0,33,50.63,-96.99,80.01,4.0
178,RU,1561659554,55,81,63.05,179.32,46.03,4.52
179,TH,1561659609,20,66,12.68,101.28,89.01,9.17
180,CA,1561659505,75,42,43.26,-79.87,87.01,5.82
181,MX,1561659488,75,29,20.71,-105.21,90.0,13.87
182,NE,1561659301,16,11,18.69,12.92,98.59,7.94
183,BR,1561659609,75,78,-7.52,-72.89,80.6,11.41
184,BR,1561659610,41,71,-17.73,-39.27,79.51,10.56
185,IS,1561659610,90,100,63.44,-20.27,51.8,11.41
186,PE,1561659496,51,85,-11.1,-77.61,63.13,11.99
187,AU,1561659476,75,93,-28.95,153.24,59.0,4.52
188,GL,1561659611,75,60,68.82,-51.19,42.8,6.93
189,BR,1561659611,0,34,-7.53,-46.04,90.67,8.57
190,ID,1561659612,31,97,-5.36,104.98,70.69,0.27
191,GY,1561659426,75,88,6.8,-58.16,78.8,11.41
192,OM,1561659504,75,88,17.01,54.1,82.4,11.41
193,IN,1561659612,6,45,25.72,73.28,94.81,19.22
194,ES,1561659612,1,55,42.62,-6.42,82.0,3.0
195,ID,1561659613,0,96,-3.99,122.52,67.81,2.53
196,BR,1561659613,20,62,-3.9,-38.39,84.2,20.8
197,EE,1561659613,89,69,59.1,26.19,60.25,8.39
198,CA,1561659339,75,93,54.78,-127.17,57.2,6.15
199,BZ,1561659614,75,62,16.17,-88.94,89.6,9.17
200,MA,1561659614,8,83,29.7,-9.73,67.81,18.37
201,MG,1561659615,40,78,-15.72,46.32,78.8,4.7
202,RU,1561659615,20,81,64.73,177.51,50.0,15.66
203,GY,1561659615,17,51,3.38,-59.8,89.95,10.76
204,US,1561659508,1,38,39.95,-94.76,90.0,16.11
205,BS,1561659231,17,74,26.54,-77.06,83.11,11.65
206,BR,1561659616,0,23,-13.28,-50.16,93.91,7.18
207,SA,1561659616,0,21,31.68,38.65,89.6,11.41
208,US,1561659579,40,36,41.47,-87.06,88.0,5.82
209,NE,1561659616,75,18,16.97,7.99,100.4,17.96
210,AU,1561659617,68,100,-13.85,136.42,60.8,4.59
211,MG,1561659617,75,94,-18.17,49.38,71.6,8.05
212,GL,1561659617,0,71,65.42,-52.9,45.13,15.75
213,NG,1561659618,89,93,4.92,6.26,74.65,4.94
214,SO,1561659618,19,66,5.35,48.53,78.43,28.5
215,GL,1561659304,100,48,77.48,-69.36,42.61,4.36
216,AU,1561659618,0,100,-34.67,150.86,54.0,6.93
217,NO,1561659619,0,76,59.79,5.78,60.01,18.34
218,CA,1561659619,1,44,48.61,-93.4,81.0,5.82
219,RU,1561659619,85,65,66.83,70.83,49.27,5.57
220,ZA,1561659619,15,84,-31.68,18.49,56.47,22.7
221,AU,1561659620,57,59,-34.72,135.86,62.59,28.03
222,JP,1561659620,100,96,40.21,140.05,61.51,3.13
223,PL,1561659620,75,64,51.15,21.97,73.99,16.11
224,BF,1561659621,96,27,12.34,-0.67,98.41,10.6
225,CA,1561659621,0,54,51.95,-103.8,70.33,4.41
226,RU,1561659621,82,82,59.36,143.24,55.39,12.91
227,CU,1561659622,75,62,20.35,-76.78,87.8,14.99
228,CO,1561659622,48,31,3.75,-74.93,94.99,6.87
229,RU,1561659623,95,75,64.27,100.22,62.77,5.01
230,PG,1561659623,58,96,-10.62,150.67,73.93,4.41
231,EG,1561659623,0,78,31.35,27.25,80.6,11.41
232,BR,1561659364,90,73,-9.67,-35.74,77.0,13.87
233,RU,1561659502,92,79,71.64,128.87,45.85,11.83
234,AU,1561659624,100,93,-18.65,146.16,64.21,1.3
235,RU,1561659624,100,97,69.38,178.42,33.61,1.34
236,MX,1561659625,40,62,21.23,-86.73,89.6,14.99
237,UY,1561659488,18,58,-33.69,-53.46,55.21,8.84
238,US,1561659556,40,31,29.56,-104.41,91.4,5.82
239,AR,1561659626,81,39,-40.81,-62.99,61.87,20.89
240,PT,1561659627,20,63,37.73,-25.67,66.2,8.05
241,EG,1561659628,0,9,24.09,32.9,107.6,10.29
242,US,1561659628,75,87,46.98,-123.82,62.6,5.82
243,IR,1561659628,20,83,36.66,51.42,80.6,4.7
244,ID,1561659629,29,87,4.36,96.17,73.93,2.46
245,MX,1561659629,40,74,16.86,-99.88,87.8,6.93
246,RU,1561659511,100,82,69.7,170.27,35.05,20.85
247,NZ,1561659629,84,77,-46.13,167.69,51.79,18.68
248,MU,1561659557,75,73,-20.34,57.76,73.4,11.41
249,US,1561659630,40,40,28.15,-82.76,95.0,4.7
250,PG,1561659630,77,88,-3.66,152.44,77.89,13.29
251,MG,1561659631,0,74,-20.3,44.28,77.89,13.65
252,US,1561659631,40,48,39.62,-77.74,93.0,3.36
253,MN,1561659631,66,63,50.73,92.07,49.09,3.83
254,RU,1561659632,43,76,63.19,64.42,49.81,3.0
255,RU,1561659632,73,92,53.98,79.24,55.75,11.36
256,RU,1561659632,89,95,51.68,102.13,37.57,4.88
257,NZ,1561659511,100,74,-45.87,170.5,45.0,4.0
258,RU,1561659633,28,83,59.7,150.17,46.21,1.14
259,FI,1561659633,0,62,62.89,27.68,57.2,12.75
260,NG,1561659633,37,91,7.38,8.57,76.63,7.36
261,MX,1561659518,75,28,28.39,-105.62,88.0,5.82
262,KZ,1561659550,63,57,49.15,56.49,64.57,7.38
263,CA,1561659634,75,44,48.39,-77.24,77.0,10.29
264,NO,1561659634,40,70,68.56,14.91,50.0,21.92
265,RU,1561659527,100,94,50.68,156.12,40.63,8.05
266,US,1561659635,17,54,31.44,-87.99,91.99,4.0
267,IE,1561659635,0,37,54.11,-9.15,75.99,17.22
268,GB,1561659635,40,72,52.61,1.73,63.0,13.87
269,MK,1561659519,40,60,41.28,20.71,75.2,2.24
270,ES,1561659635,0,36,37.47,-4.43,96.8,11.41
271,CA,1561659547,20,50,66.15,-65.72,48.2,19.46
272,MG,1561659496,7,83,-14.27,50.17,68.89,3.58
273,CA,1561659518,97,87,48.65,-53.11,48.99,3.0
274,RU,1561659531,91,54,61.28,108.01,62.59,1.97
275,RU,1561659636,90,87,43.36,132.19,55.4,4.47
276,AR,1561659632,22,27,-33.3,-66.34,62.05,8.93
277,MU,1561659637,75,73,-19.98,57.61,73.4,11.41
278,RU,1561659637,50,81,59.08,159.95,48.37,1.77
279,MX,1561659637,2,84,27.97,-114.04,64.21,10.71
280,US,1561659638,90,51,32.0,-102.08,87.8,12.75
281,KI,1561659309,44,76,3.07,172.79,83.29,12.95
282,CL,1561659229,20,64,-45.58,-72.07,41.0,2.33
283,ES,1561659347,0,26,37.23,-3.66,96.8,11.41
284,CA,1561659305,20,41,62.45,-114.38,59.0,13.87
285,BR,1561659639,100,54,-3.7,-45.5,87.79,5.73
286,BR,1561659604,37,48,-20.28,-45.54,76.81,7.09
287,CN,1561659639,23,21,40.29,97.04,68.71,6.96
288,IR,1561659437,21,50,27.15,57.07,95.0,2.24
289,CA,1561659516,75,70,70.47,-68.59,44.6,16.11
290,JP,1561659640,100,96,38.13,140.3,71.01,2.93
291,PE,1561659640,52,84,-17.03,-72.02,62.23,11.07
292,US,1561659464,75,100,21.35,-158.09,82.0,18.84
293,NO,1561659641,75,87,67.67,12.69,46.4,14.99
294,CN,1561659641,20,78,30.43,103.62,77.0,2.24
295,BR,1561659642,1,31,-14.4,-56.44,91.57,8.32
296,GL,1561659553,89,81,72.79,-56.15,33.61,5.7
297,ID,1561659643,100,99,-3.36,135.5,70.33,2.73
298,TD,1561659643,45,74,9.45,18.94,77.35,3.4
299,PY,1561659643,0,69,-26.98,-56.83,68.17,7.99
300,PK,1561659643,19,28,31.34,69.45,78.07,2.73
301,BR,1561659514,29,66,-0.41,-65.02,85.99,5.75
302,MN,1561659644,72,44,49.98,92.07,60.97,3.33
303,IN,1561659420,32,62,14.68,77.61,80.95,21.74
304,PH,1561659644,100,99,17.54,120.52,73.57,2.59
305,PE,1561659644,90,30,-13.71,-76.2,71.6,6.93
306,JP,1561659644,100,99,39.28,141.86,60.97,1.25
307,MX,1561659645,75,47,21.05,-89.07,97.0,8.72
308,GN,1561659645,75,79,9.52,-13.7,84.2,11.41
309,FR,1561659525,0,37,45.6,-0.6,98.6,10.29
310,ID,1561659605,20,78,-8.65,115.22,77.0,5.82
311,RU,1561659646,29,77,58.81,41.03,56.11,6.44
312,CA,1561659461,20,31,48.95,-57.95,75.2,3.36
313,IN,1561659646,40,49,26.46,80.77,93.2,2.24
314,PE,1561659646,1,46,-11.41,-69.49,88.87,8.08
315,BR,1561659470,60,75,-9.01,-35.22,78.25,10.45
316,SE,1561659647,76,49,67.86,20.23,48.2,19.46
317,RU,1561659647,100,55,67.46,153.71,48.19,14.18
318,GR,1561659263,20,28,39.45,22.34,86.0,3.29
319,NG,1561659648,35,85,8.5,8.51,78.97,5.86
320,MX,1561659648,40,55,19.77,-89.85,91.4,11.41
321,RU,1561659522,100,41,71.97,114.09,54.49,5.55
322,BR,1561659648,0,69,-30.17,-50.22,62.41,12.08
323,PH,1561659649,100,82,11.0,122.67,76.99,5.32
324,NA,1561659649,18,22,-22.45,18.97,68.0,3.36
325,NA,1561659649,9,25,-20.11,16.16,66.2,5.57
326,US,1561659298,1,68,34.64,-120.46,72.0,13.87
327,RU,1561659505,15,62,60.42,134.54,56.65,4.97
328,AU,1561659650,0,70,-33.38,148.01,54.0,1.01
329,NO,1561659650,75,87,63.66,9.57,53.01,10.29
330,BR,1561659650,4,79,-2.86,-67.77,83.65,3.91
331,NG,1561659650,92,97,5.43,7.07,73.39,3.58
332,PT,1561659504,40,60,38.52,-28.7,68.0,11.41
333,GB,1561659651,0,68,51.88,0.55,69.01,13.87
334,SA,1561659651,0,7,18.39,42.45,84.2,11.41
335,ID,1561659502,1,71,4.14,96.13,83.47,3.62
336,AU,1561659520,83,88,-12.18,136.78,69.8,4.7
337,RU,1561659652,75,95,53.12,48.85,53.05,6.98
338,BF,1561659652,46,18,13.58,-2.42,102.01,3.8
339,CA,1561659652,17,48,54.02,-124.02,66.01,10.31
340,US,1561659653,1,41,33.83,-87.28,95.0,2.73
341,AU,1561659653,0,62,-31.97,141.45,53.6,11.41
342,AU,1561659653,67,79,-37.88,147.99,44.01,6.55
343,AU,1561659654,90,100,-32.72,152.14,57.0,3.36
344,HR,1561659654,20,41,45.27,15.22,91.4,3.36
345,PT,1561659655,75,72,38.73,-27.07,69.01,14.61
346,ID,1561659551,65,70,-9.11,124.89,74.65,15.01
347,CN,1561659656,0,14,42.84,93.51,77.53,16.11
348,CN,1561659656,100,76,42.12,118.78,64.03,6.08
349,CN,1561659656,96,84,34.57,105.89,55.75,5.14
350,BG,1561659656,0,54,41.93,25.56,80.6,9.17
351,KE,1561659657,20,74,-4.13,39.32,78.8,8.05
352,IN,1561659657,77,78,30.78,78.62,41.17,1.74
353,US,1561659657,40,42,39.81,-121.58,73.0,8.05
354,CO,1561659657,49,88,-0.19,-74.78,81.67,3.44
355,BR,1561659658,40,34,-19.77,-43.85,82.4,5.82
356,PH,1561659658,100,85,12.18,125.51,79.33,5.77
357,EC,1561659658,75,65,-3.33,-79.81,89.6,6.93
358,RU,1561659319,100,98,73.51,80.55,33.79,7.34
359,RU,1561659659,0,52,55.03,87.0,69.8,4.47
360,TH,1561659659,100,97,16.98,98.52,71.41,1.83
361,US,1561659659,1,20,32.77,-108.28,89.01,12.75
362,IL,1561659659,20,69,31.8,34.94,81.0,5.82
363,ID,1561659660,47,98,-0.5,117.14,75.37,4.27
364,CD,1561659660,0,28,-10.7,22.23,69.79,4.07
365,PK,1561659661,20,29,33.53,71.06,89.6,6.93
366,MZ,1561659661,75,88,-23.87,35.38,68.0,1.97
367,GL,1561659661,40,62,60.91,-46.05,53.6,8.05
368,NO,1561659661,95,75,71.0,24.66,42.8,29.97
369,SB,1561659662,99,83,-8.15,159.59,79.87,5.35
370,JP,1561659662,100,98,38.56,141.15,66.91,7.76
371,NZ,1561659662,9,79,-35.17,173.16,57.73,13.24
372,TG,1561659663,82,65,9.35,1.24,82.03,2.04
373,RU,1561659507,39,89,55.93,158.7,37.93,1.81
374,TR,1561659663,40,54,37.77,29.09,79.0,5.82
375,PE,1561659664,2,84,-5.56,-80.82,66.01,9.08
376,RU,1561659664,100,90,56.37,38.59,57.73,11.43
377,ID,1561659522,83,72,-0.92,100.36,83.83,7.2
378,RU,1561659664,1,88,56.17,91.82,62.6,1.74
379,VE,1561659665,5,50,9.86,-66.38,84.01,5.88
380,ES,1561659665,75,82,43.27,-7.54,73.0,4.7
381,US,1561659665,1,62,30.3,-99.24,87.01,10.29
382,GH,1561659369,88,86,4.87,-2.24,77.17,11.48
383,IN,1561659666,81,77,16.48,81.84,83.83,3.6
384,HN,1561659666,90,45,14.25,-87.96,86.0,6.93
385,RU,1561659666,0,85,52.37,140.44,42.25,2.48
386,NZ,1561659667,75,83,-45.41,167.72,42.79,6.6
387,RU,1561659667,17,82,58.76,42.68,54.49,6.15
388,CA,1561659667,75,72,47.66,-52.73,66.0,10.29
389,CG,1561659668,0,64,-2.95,12.72,72.13,2.35
390,PG,1561659668,100,79,-6.22,155.63,80.59,5.14
391,BR,1561659668,0,32,-9.56,-48.4,91.39,5.35
392,CV,1561659512,0,81,14.9,-24.5,75.19,29.37
393,BR,1561659668,70,93,-8.84,-69.26,79.33,3.85
394,US,1561659669,75,48,64.86,-147.8,64.4,3.36
395,FI,1561659669,0,44,64.68,24.47,60.8,14.99
396,CA,1561659669,20,61,45.63,-73.98,84.99,9.17
397,AU,1561659670,20,76,-37.84,145.39,57.99,17.22
398,RU,1561659670,99,70,62.53,155.8,47.65,9.1
399,CO,1561659670,68,89,3.87,-67.92,82.21,2.44
400,BR,1561659670,75,55,2.82,-60.67,87.8,11.41
401,RU,1561659670,42,71,60.74,56.73,51.97,3.89
402,GL,1561659671,75,60,69.22,-51.1,42.8,6.93
403,BW,1561659671,37,35,-23.67,22.79,61.15,7.18
404,ID,1561659671,6,83,-7.05,112.74,70.51,5.03
405,KZ,1561659511,17,19,45.32,55.19,81.31,9.98
406,PT,1561659672,0,64,37.14,-8.45,79.0,18.34
407,US,1561659672,1,37,40.13,-75.52,91.99,6.93
408,BR,1561659672,20,30,-19.91,-48.39,84.2,8.05
409,RU,1561659672,1,78,56.95,90.69,63.13,1.39
410,ES,1561659673,0,48,37.46,-6.01,89.6,9.17
411,CA,1561659458,75,93,44.65,-63.58,64.0,14.99
412,ID,1561659673,99,92,-0.86,131.25,75.73,6.49
413,TD,1561659673,49,51,13.47,22.2,80.77,6.24
414,IT,1561659673,0,43,40.84,8.4,87.8,9.17
415,US,1561659674,1,41,30.65,-91.16,95.0,3.98
416,PH,1561659674,75,94,6.08,118.3,75.2,5.82
417,MY,1561659674,77,85,2.38,103.02,75.73,4.07
418,ID,1561659675,16,76,5.56,95.32,84.01,13.47
419,JP,1561659675,100,92,40.81,140.39,64.99,4.0
420,TR,1561659675,20,63,40.61,43.1,69.8,8.05
421,CN,1561659675,5,38,39.73,98.49,66.01,9.15
422,RU,1561659676,8,61,56.78,105.75,60.97,5.5
423,BR,1561659516,14,79,-0.97,-62.93,83.11,4.61
424,US,1561659548,20,63,25.91,-97.49,91.4,13.87
425,NG,1561659677,6,47,12.18,6.51,87.97,8.46
426,VE,1561659677,6,67,8.92,-67.43,85.09,6.64
427,ES,1561659677,75,69,28.66,-17.92,73.4,11.41
428,RU,1561659678,32,79,59.56,150.8,44.95,0.74
429,NO,1561659678,75,70,70.86,29.09,46.4,20.8
430,RU,1561659678,43,93,50.92,118.9,48.19,3.47
431,RU,1561659678,99,84,61.92,159.24,52.15,2.86
432,CN,1561659678,100,98,27.3,105.3,64.57,5.82
433,RU,1561659679,0,59,57.68,40.37,60.8,11.18
434,MA,1561659654,75,48,31.63,-7.99,82.4,6.93
435,CN,1561659679,0,94,29.29,121.42,78.01,6.71
436,RU,1561659679,29,94,52.15,93.92,50.35,2.95
437,BR,1561659680,88,76,-21.13,-51.1,74.29,3.98
438,US,1561659680,90,78,21.32,-158.01,82.4,9.17
439,JP,1561659680,75,94,34.26,135.31,75.2,1.12
440,CU,1561659681,75,46,22.41,-79.97,91.4,13.87
441,US,1561659553,1,67,40.8,-124.16,66.0,8.05
442,US,1561659681,40,55,35.41,-99.4,89.6,19.46
443,UY,1561659387,13,65,-34.48,-54.34,53.95,8.84
444,UG,1561659682,54,86,0.95,30.8,70.51,4.05
445,FR,1561659682,0,52,48.95,4.24,93.2,16.11
446,RU,1561659682,20,81,55.46,50.14,51.8,6.71
447,KY,1561659683,40,79,19.28,-81.25,88.0,11.41
448,US,1561659683,1,57,44.37,-100.35,82.0,5.82
449,MZ,1561659683,8,94,-16.84,36.99,61.33,1.88
450,KZ,1561659684,0,81,51.13,71.43,51.8,11.18
451,RU,1561659684,0,82,56.73,85.44,66.0,2.24
452,NO,1561659684,75,71,64.47,12.32,51.8,9.17
453,BR,1561659685,75,57,-20.51,-54.63,78.8,14.99
454,US,1561659473,75,51,64.84,-147.72,63.0,5.82
455,DE,1561659686,0,38,50.53,8.41,84.99,11.41
456,BO,1561659686,20,73,-19.0,-57.72,75.2,11.41
457,NA,1561659686,0,28,-17.91,19.77,71.6,3.36
458,ML,1561659687,13,10,18.44,1.41,103.09,2.95
459,HN,1561659543,68,41,14.68,-86.92,84.55,11.92
460,RU,1561659687,100,93,65.8,87.96,51.07,8.59
461,WS,1561659687,100,83,-13.87,-171.6,78.01,11.99
462,RU,1561659688,100,39,51.52,104.15,57.99,7.0
463,EC,1561659688,20,73,-0.9,-89.6,77.0,20.8
464,BB,1561659549,20,58,13.22,-59.52,87.8,25.28
465,CN,1561659389,98,52,38.94,100.46,59.35,9.66
466,UG,1561659688,97,89,0.2,30.01,68.17,3.09
467,GR,1561659689,40,74,36.82,21.7,82.0,10.92
468,ZA,1561659519,0,72,-28.77,32.06,71.23,24.76
469,US,1561659539,1,58,40.27,-96.75,89.01,14.99
470,ID,1561659689,1,79,-7.54,112.45,70.51,11.03
471,CA,1561659690,1,56,52.16,-103.52,70.87,1.28
472,BR,1561659481,0,28,-14.47,-48.46,86.53,8.9
473,US,1561659690,75,59,46.19,-123.83,64.4,9.17
474,IR,1561659690,0,9,33.6,56.92,93.2,2.24
475,GB,1561659691,40,72,52.47,1.45,64.4,13.87
476,BI,1561659691,75,73,-2.89,29.12,75.2,2.24
477,JP,1561659692,100,87,44.35,143.35,51.01,1.99
478,US,1561659447,1,70,33.83,-78.68,91.99,10.29
479,TZ,1561659692,40,47,-10.0,38.98,68.89,3.02
480,SA,1561659692,0,56,16.89,42.56,96.8,3.36
481,CA,1561659692,75,72,53.28,-110.01,66.2,8.05
482,CA,1561659693,90,81,58.81,-122.69,51.8,2.24
483,ID,1561659693,100,87,-2.88,108.27,77.71,4.0
484,US,1561659685,75,87,46.98,-123.89,61.0,5.82
485,RS,1561659693,0,88,43.14,20.51,66.55,2.01
486,JP,1561659694,75,93,42.65,141.6,62.01,3.36
487,ES,1561659694,0,18,40.66,-3.77,102.2,18.34
488,CA,1561659694,75,72,55.78,-118.84,62.6,10.29
489,ES,1561659695,40,72,42.77,-9.06,71.01,10.29
490,JP,1561659517,75,100,33.93,134.5,73.99,1.12
491,BR,1561659405,40,47,-2.76,-42.27,95.0,9.17
492,GB,1561659695,0,32,53.14,-4.27,80.6,3.36
493,RU,1561659695,0,87,60.95,29.13,57.2,5.82
494,AU,1561659617,84,97,-41.05,145.91,44.01,5.99
495,CA,1561659696,20,35,44.08,-80.2,87.01,6.93
496,NO,1561659696,75,71,61.6,5.03,57.99,12.75
497,PL,1561659696,0,43,50.43,21.28,73.99,12.75
498,BR,1561659696,31,30,-15.9,-54.74,90.31,8.12
499,RU,1561659697,30,86,56.19,50.4,47.83,4.43
500,RU,1561659697,100,96,68.05,39.51,43.33,10.02
501,CN,1561659697,0,73,38.95,121.19,78.01,2.24
502,RU,1561659697,96,81,60.87,60.43,48.19,1.74
503,CA,1561659698,75,88,48.84,-72.53,66.2,4.7
504,CA,1561659698,40,43,68.36,-133.71,53.6,3.36
505,NG,1561659698,100,91,5.68,5.76,75.55,5.73
506,RU,1561659698,0,60,55.02,82.61,71.6,6.71
507,NO,1561659699,75,76,62.58,6.12,52.0,11.41
508,BR,1561659699,40,50,-2.54,-57.76,90.85,5.97
509,BR,1561659699,5,39,-6.22,-57.76,92.29,5.12
510,RU,1561659699,26,90,49.74,142.83,39.73,0.96
511,IN,1561659555,32,76,10.57,72.64,84.01,16.98
512,MX,1561659700,0,41,23.92,-106.89,96.01,8.99
513,GW,1561659700,20,44,12.07,-16.03,95.0,11.41
514,RU,1561659700,75,72,65.95,111.51,62.6,8.95
515,BR,1561659701,40,36,-9.87,-56.08,95.0,9.17
516,US,1561659701,1,62,35.92,-94.97,88.0,12.75
517,MU,1561659701,75,73,-20.01,57.66,73.4,11.41
518,GL,1561659702,40,62,60.72,-46.03,53.6,8.05
519,GB,1561659702,0,72,54.28,-0.41,68.0,9.17
520,IN,1561659702,100,99,28.17,94.8,60.61,1.3
521,AO,1561659702,32,82,-15.19,12.15,66.01,13.38
522,UY,1561659702,0,41,-34.91,-54.96,57.2,5.82
523,AU,1561659703,77,86,-38.34,143.59,51.01,7.99
524,KE,1561659703,65,59,0.35,37.58,74.11,18.86
525,PH,1561659703,100,77,13.08,123.3,83.29,12.01
526,US,1561659703,1,31,32.98,-115.53,90.0,4.7
527,CA,1561659704,40,44,42.96,-81.62,86.0,2.24
528,IT,1561659704,5,49,46.14,12.22,98.6,3.36
529,KZ,1561659704,90,76,52.04,76.93,57.2,13.42
530,US,1561659705,1,66,40.33,-91.2,90.0,6.93
531,TZ,1561659705,91,83,-1.9,34.02,67.99,0.81
532,RU,1561659509,88,70,66.82,65.8,47.11,3.85
533,GM,1561659705,14,22,13.79,-15.05,104.53,10.54
534,BR,1561659706,0,18,-13.61,-42.94,86.89,6.04
535,CN,1561659706,93,68,52.34,124.71,51.79,2.06
536,RU,1561659706,69,78,58.61,125.39,51.07,3.78
537,RU,1561659707,35,72,65.85,74.49,45.13,7.92
538,ID,1561659707,22,72,-8.84,121.65,76.27,9.57
539,RU,1561659707,100,86,45.23,147.88,47.65,9.35
540,RU,1561659708,87,57,61.68,96.39,64.93,3.29
541,US,1561659618,75,36,58.3,-134.42,75.2,13.87
542,ML,1561659708,0,4,22.68,-3.98,113.53,8.81
543,ID,1561659708,40,94,-8.71,116.27,68.0,16.15
544,US,1561659709,1,42,46.84,-105.12,82.4,13.87
545,RU,1561659709,87,60,63.79,74.5,50.35,15.66
546,AU,1561659709,16,54,-20.74,116.85,68.71,17.78
547,US,1561659693,1,12,39.76,-105.22,91.0,4.7
548,RU,1561659278,66,83,67.55,63.78,49.63,8.3
549,CL,1561659558,51,81,-22.09,-70.2,58.63,7.09
550,BI,1561659710,58,67,-3.97,29.44,66.55,2.55
551,US,1561659711,1,67,60.55,-151.26,64.0,6.93
